                  epoch,         train/box_loss,         train/cls_loss,         train/dfl_loss,   metrics/precision(B),      metrics/recall(B),       metrics/mAP50(B),    metrics/mAP50-95(B),           val/box_loss,           val/cls_loss,           val/dfl_loss,                 lr/pg0,                 lr/pg1,                 lr/pg2
                      1,                 4.3539,                 5.9474,                 4.1704,                  9e-05,                0.00781,                  5e-05,                      0,                 4.1998,                 5.2184,                 4.1494,              0.0003375,              0.0003375,              0.0003375
                      2,                 4.1127,                 5.5047,                 3.9889,                  9e-05,                0.00781,                  5e-05,                      0,                 4.1153,                 5.0411,                 4.0907,             0.00068523,             0.00068523,             0.00068523
                      3,                 3.5257,                 4.9023,                 3.5938,                  9e-05,                0.00781,                  5e-05,                      0,                 4.3199,                 4.9636,                 4.2699,              0.0010307,              0.0010307,              0.0010307
                      4,                 3.1669,                 4.3711,                 3.0499,                  9e-05,                0.00781,                  5e-05,                      0,                 4.2983,                   4.84,                 4.2772,              0.0012376,              0.0012376,              0.0012376
                      5,                 3.0223,                 4.0429,                 2.7318,                 0.0006,                0.07328,                 0.0008,                0.00028,                 3.5128,                 4.5625,                 3.5443,              0.0012335,              0.0012335,              0.0012335
                      6,                 2.8473,                 3.6498,                  2.496,                0.29105,                0.04633,                0.02919,                0.01184,                 2.8436,                 3.9257,                 2.6118,              0.0012294,              0.0012294,              0.0012294
                      7,                 2.7464,                 3.3587,                 2.3581,                0.09858,                0.23153,                 0.0689,                0.02116,                 2.7052,                 4.7248,                 2.4108,              0.0012252,              0.0012252,              0.0012252
                      8,                  2.586,                 3.0343,                 2.2041,                0.15946,                0.21262,                0.16042,                0.05647,                 2.5955,                  2.934,                 2.2091,              0.0012211,              0.0012211,              0.0012211
                      9,                 2.4345,                 2.6503,                 2.0535,                0.45359,                0.28365,                0.21702,                0.08499,                 2.5071,                 3.0341,                 2.1476,               0.001217,               0.001217,               0.001217
                     10,                 2.4012,                 2.5805,                 2.0043,                0.36549,                0.27803,                0.24905,                0.09553,                 2.2286,                 2.2273,                 1.9964,              0.0012129,              0.0012129,              0.0012129
                     11,                 2.3095,                 2.4274,                 1.9366,                0.52804,                0.28602,                0.30912,                0.12704,                 2.2435,                  2.165,                 1.9306,              0.0012087,              0.0012087,              0.0012087
                     12,                 2.2559,                 2.2529,                  1.894,                0.48825,                0.40582,                0.35039,                0.15376,                 2.1761,                  2.338,                  1.896,              0.0012046,              0.0012046,              0.0012046
                     13,                 2.1303,                 2.0887,                 1.8286,                0.56953,                0.38658,                0.41194,                0.18513,                 2.0496,                 1.8828,                 1.7886,              0.0012005,              0.0012005,              0.0012005
                     14,                 2.0692,                 1.9273,                 1.7683,                0.61311,                 0.4511,                0.45359,                0.19018,                 2.1083,                 1.7905,                 1.8018,              0.0011964,              0.0011964,              0.0011964
                     15,                  2.022,                 1.7885,                  1.703,                0.60677,                0.40979,                0.43945,                0.20444,                 2.0363,                 1.8649,                 1.7392,              0.0011922,              0.0011922,              0.0011922
                     16,                 1.9742,                 1.7385,                 1.6626,                0.49894,                0.40358,                0.41669,                0.19054,                 2.0706,                 1.9462,                 1.7978,              0.0011881,              0.0011881,              0.0011881
                     17,                 1.9525,                  1.619,                  1.627,                 0.6353,                0.46795,                0.48165,                0.22433,                 1.9869,                  1.616,                 1.7194,               0.001184,               0.001184,               0.001184
                     18,                 1.9838,                  1.665,                 1.6882,                0.65825,                0.45862,                0.50371,                0.22404,                 1.9612,                 1.5246,                 1.6848,              0.0011799,              0.0011799,              0.0011799
                     19,                 1.8812,                  1.561,                 1.6086,                0.65494,                 0.4238,                0.49192,                0.24463,                 1.8755,                 1.6439,                 1.6829,              0.0011757,              0.0011757,              0.0011757
                     20,                 1.8509,                 1.5512,                 1.6064,                0.63222,                0.53976,                0.52809,                0.26378,                 1.8695,                   1.47,                  1.638,              0.0011716,              0.0011716,              0.0011716
                     21,                 1.9149,                 1.5588,                 1.6115,                0.69362,                0.45819,                0.53849,                0.25764,                  1.865,                 1.4422,                 1.6369,              0.0011675,              0.0011675,              0.0011675
                     22,                 1.7866,                 1.4359,                 1.5304,                0.71613,                0.46848,                0.54198,                0.25412,                 1.9206,                 1.5101,                 1.6248,              0.0011634,              0.0011634,              0.0011634
                     23,                 1.7977,                  1.479,                 1.5474,                0.68797,                0.51334,                0.57058,                0.28264,                 1.8157,                 1.3239,                 1.5974,              0.0011593,              0.0011593,              0.0011593
                     24,                 1.7284,                 1.3942,                 1.5091,                0.77256,                0.52497,                0.60274,                0.29138,                 1.8361,                 1.2545,                 1.5861,              0.0011551,              0.0011551,              0.0011551
                     25,                 1.6718,                 1.2508,                 1.4649,                0.65638,                0.54523,                0.59147,                0.31146,                 1.7842,                 1.3443,                 1.5535,               0.001151,               0.001151,               0.001151
                     26,                 1.6739,                 1.2508,                 1.4523,                0.75282,                0.53288,                0.59284,                0.31755,                 1.7382,                 1.2264,                   1.54,              0.0011469,              0.0011469,              0.0011469
                     27,                 1.6444,                 1.2453,                 1.4472,                0.72948,                0.54875,                0.61465,                0.31522,                 1.7665,                 1.1767,                 1.5413,              0.0011428,              0.0011428,              0.0011428
                     28,                 1.6522,                 1.2054,                 1.4482,                0.67422,                0.58767,                0.61638,                0.30968,                 1.7594,                 1.2288,                 1.5439,              0.0011386,              0.0011386,              0.0011386
                     29,                 1.6646,                 1.2538,                 1.4464,                0.76737,                0.55442,                0.62965,                 0.3338,                 1.6708,                 1.2201,                 1.5047,              0.0011345,              0.0011345,              0.0011345
                     30,                 1.6189,                 1.1988,                    1.4,                  0.699,                 0.5991,                0.61235,                0.31474,                 1.7058,                 1.3093,                 1.4958,              0.0011304,              0.0011304,              0.0011304
                     31,                 1.6471,                  1.248,                 1.4284,                0.66538,                0.60061,                0.61471,                0.31682,                  1.682,                 1.1892,                 1.4917,              0.0011263,              0.0011263,              0.0011263
                     32,                 1.6345,                  1.228,                 1.4291,                0.77278,                0.59905,                0.64595,                0.33984,                 1.6785,                  1.105,                 1.4852,              0.0011221,              0.0011221,              0.0011221
                     33,                 1.6031,                 1.1659,                 1.3963,                0.75349,                0.57625,                0.62241,                 0.3175,                 1.7151,                 1.4022,                 1.4906,               0.001118,               0.001118,               0.001118
                     34,                 1.6118,                  1.189,                 1.4009,                0.72706,                0.59226,                0.61387,                0.30961,                 1.7666,                 1.2746,                 1.5296,              0.0011139,              0.0011139,              0.0011139
                     35,                  1.584,                 1.1428,                 1.4152,                0.76942,                0.57989,                0.66403,                0.35004,                 1.6873,                 1.1251,                 1.4984,              0.0011098,              0.0011098,              0.0011098
                     36,                 1.5787,                 1.1167,                 1.4163,                0.78271,                0.60758,                 0.6813,                0.34472,                 1.6587,                 1.0536,                 1.4714,              0.0011056,              0.0011056,              0.0011056
                     37,                 1.5675,                  1.133,                 1.3945,                0.81576,                0.57518,                0.66893,                0.35058,                 1.6406,                 1.1513,                 1.4442,              0.0011015,              0.0011015,              0.0011015
                     38,                 1.5585,                 1.1231,                 1.3764,                0.78802,                0.62292,                0.69152,                0.36445,                 1.6231,                 1.0932,                 1.4257,              0.0010974,              0.0010974,              0.0010974
                     39,                 1.5658,                 1.1181,                 1.3753,                0.75872,                0.61573,                0.67271,                0.33676,                 1.6306,                 1.1122,                 1.4662,              0.0010933,              0.0010933,              0.0010933
                     40,                 1.5111,                 1.1019,                 1.3625,                0.73626,                0.59857,                0.66635,                0.35422,                 1.6373,                 1.1301,                 1.4728,              0.0010891,              0.0010891,              0.0010891
                     41,                 1.5212,                  1.066,                 1.3491,                0.83547,                 0.5779,                0.68417,                0.36703,                 1.6015,                 1.0539,                 1.4221,               0.001085,               0.001085,               0.001085
                     42,                 1.5058,                 1.0568,                 1.3448,                0.83431,                0.59502,                0.69261,                0.36092,                 1.6044,                 1.0476,                 1.4298,              0.0010809,              0.0010809,              0.0010809
                     43,                 1.4972,                 1.0487,                 1.3544,                 0.8265,                 0.6467,                0.71318,                0.39874,                 1.5075,                0.97182,                 1.3924,              0.0010768,              0.0010768,              0.0010768
                     44,                 1.4817,                 1.0011,                 1.3289,                0.87168,                0.58238,                0.68504,                0.39856,                 1.4744,                 1.0873,                 1.3521,              0.0010726,              0.0010726,              0.0010726
                     45,                 1.4636,                 1.0035,                 1.3112,                  0.785,                0.58467,                0.67811,                0.37626,                 1.5746,                 1.0324,                 1.3873,              0.0010685,              0.0010685,              0.0010685
                     46,                 1.4286,                0.98885,                 1.2862,                0.76545,                0.70776,                0.73358,                0.39465,                 1.5291,                0.94963,                 1.3624,              0.0010644,              0.0010644,              0.0010644
                     47,                 1.4406,                0.99022,                 1.3021,                0.76802,                0.64422,                 0.6742,                0.39451,                 1.4855,                 1.0488,                 1.3459,              0.0010603,              0.0010603,              0.0010603
                     48,                 1.4013,                0.94812,                 1.2864,                0.78139,                0.63546,                0.70787,                0.39496,                 1.5301,                0.99495,                 1.4036,              0.0010561,              0.0010561,              0.0010561
                     49,                 1.4418,                0.98142,                  1.318,                0.76936,                 0.6391,                0.65592,                0.36197,                 1.5627,                 1.2769,                 1.3956,               0.001052,               0.001052,               0.001052
                     50,                 1.4236,                0.98156,                 1.2965,                0.89121,                0.65381,                 0.7399,                0.41389,                 1.5082,                 0.9168,                  1.366,              0.0010479,              0.0010479,              0.0010479
                     51,                 1.4236,                  0.952,                 1.3046,                0.83686,                0.63248,                0.70059,                0.38347,                 1.5244,                 1.0726,                 1.3465,              0.0010438,              0.0010438,              0.0010438
                     52,                 1.4022,                0.94653,                 1.2701,                0.75922,                0.66003,                0.70436,                 0.3874,                 1.5396,                 1.0218,                 1.3666,              0.0010396,              0.0010396,              0.0010396
                     53,                 1.4173,                0.90744,                 1.2753,                0.83437,                 0.6244,                0.71298,                0.41355,                 1.4654,                0.98279,                 1.3257,              0.0010355,              0.0010355,              0.0010355
                     54,                  1.384,                0.90965,                 1.2569,                0.85232,                0.65994,                0.73403,                0.41716,                 1.4436,                0.90423,                  1.325,              0.0010314,              0.0010314,              0.0010314
                     55,                 1.3338,                0.90898,                 1.2409,                0.82987,                0.65966,                  0.725,                0.41049,                 1.5101,                0.93859,                 1.3423,              0.0010273,              0.0010273,              0.0010273
                     56,                 1.3882,                0.91788,                 1.2746,                0.86634,                0.66896,                 0.7413,                0.41929,                 1.4633,                0.89337,                 1.3206,              0.0010231,              0.0010231,              0.0010231
                     57,                 1.3642,                0.90277,                  1.251,                0.80051,                0.60617,                0.69455,                0.39344,                  1.531,                0.98455,                 1.3541,               0.001019,               0.001019,               0.001019
                     58,                 1.3687,                0.91947,                 1.2606,                0.90575,                 0.6588,                0.75628,                0.43827,                 1.4593,                0.88087,                 1.3198,              0.0010149,              0.0010149,              0.0010149
                     59,                 1.3663,                0.90185,                  1.252,                0.81766,                0.66158,                0.74856,                0.42413,                 1.4809,                0.91238,                 1.3207,              0.0010107,              0.0010107,              0.0010107
                     60,                 1.3673,                0.88149,                 1.2543,                0.88236,                0.66687,                0.75997,                0.43806,                 1.4547,                0.96029,                 1.3285,              0.0010066,              0.0010066,              0.0010066
                     61,                 1.3947,                0.91353,                 1.2601,                0.89081,                0.65179,                0.73431,                0.41531,                 1.5076,                0.93246,                 1.3532,              0.0010025,              0.0010025,              0.0010025
                     62,                  1.397,                0.89952,                 1.2832,                0.88907,                0.64096,                0.74876,                 0.4243,                 1.5005,                0.90887,                 1.3531,             0.00099837,             0.00099837,             0.00099837
                     63,                 1.3193,                0.86314,                 1.2192,                0.83264,                0.68899,                0.75367,                0.42861,                 1.5317,                0.91448,                 1.3546,             0.00099425,             0.00099425,             0.00099425
                     64,                 1.3259,                0.86478,                 1.2387,                0.87187,                0.67236,                0.75171,                0.42628,                 1.5001,                0.88961,                 1.3454,             0.00099013,             0.00099013,             0.00099013
                     65,                 1.3381,                0.86783,                 1.2112,                0.83814,                0.63402,                0.71396,                0.40388,                 1.4893,                0.97189,                  1.341,               0.000986,               0.000986,               0.000986
                     66,                 1.3747,                0.87797,                 1.2517,                0.77198,                0.61032,                 0.6713,                0.39058,                 1.5581,                 1.0404,                 1.3667,             0.00098187,             0.00098187,             0.00098187
                     67,                 1.3226,                0.86139,                 1.2271,                0.81925,                  0.684,                0.72406,                0.41147,                 1.4848,                0.93301,                  1.323,             0.00097775,             0.00097775,             0.00097775
                     68,                 1.3182,                0.82385,                  1.234,                0.83166,                0.71411,                0.75725,                0.43181,                 1.5216,                0.83651,                 1.3374,             0.00097362,             0.00097362,             0.00097362
                     69,                 1.2782,                0.81845,                 1.2013,                0.82919,                0.71212,                0.75994,                0.44252,                 1.4396,                0.87881,                 1.3099,              0.0009695,              0.0009695,              0.0009695
                     70,                  1.242,                 0.7996,                 1.1641,                0.92421,                0.68612,                0.77212,                0.44392,                 1.4396,                0.80353,                 1.3104,             0.00096537,             0.00096537,             0.00096537
                     71,                 1.2778,                0.80875,                 1.1904,                0.84518,                0.70957,                0.77756,                0.43877,                 1.4754,                0.85674,                 1.3338,             0.00096125,             0.00096125,             0.00096125
                     72,                 1.2583,                0.82509,                 1.1993,                0.90407,                0.62397,                0.74757,                0.41127,                 1.5512,                0.92322,                  1.354,             0.00095712,             0.00095712,             0.00095712
                     73,                  1.297,                0.82661,                  1.195,                 0.8667,                0.66508,                0.75955,                0.43306,                 1.5017,                0.85823,                 1.3593,               0.000953,               0.000953,               0.000953
                     74,                 1.2588,                0.78473,                 1.1952,                0.88355,                0.68953,                0.76769,                0.44615,                 1.4683,                0.83158,                 1.3203,             0.00094887,             0.00094887,             0.00094887
                     75,                 1.2447,                0.79111,                 1.1896,                0.89255,                0.68904,                0.77576,                0.44122,                 1.4674,                0.80327,                 1.3175,             0.00094475,             0.00094475,             0.00094475
                     76,                 1.3054,                0.81226,                 1.2035,                 0.8687,                0.71634,                0.78721,                0.46917,                 1.4178,                  0.807,                 1.3115,             0.00094062,             0.00094062,             0.00094062
                     77,                 1.2837,                0.81385,                 1.1984,                0.84315,                0.71217,                0.75822,                0.43343,                  1.473,                0.83436,                  1.348,              0.0009365,              0.0009365,              0.0009365
                     78,                 1.2671,                0.79725,                 1.1834,                  0.853,                0.68171,                0.75546,                 0.4446,                 1.4654,                0.85844,                 1.3377,             0.00093238,             0.00093238,             0.00093238
                     79,                 1.2318,                0.78961,                 1.1864,                0.92377,                0.65315,                0.77661,                0.45907,                  1.452,                0.79557,                 1.3118,             0.00092825,             0.00092825,             0.00092825
                     80,                 1.2336,                0.76293,                 1.1669,                0.87666,                0.67016,                0.76123,                0.42468,                 1.4893,                0.90508,                 1.3141,             0.00092413,             0.00092413,             0.00092413
                     81,                 1.2458,                0.79991,                 1.1932,                0.89069,                0.63307,                0.77434,                0.44241,                 1.4772,                0.80252,                 1.3252,                0.00092,                0.00092,                0.00092
                     82,                 1.2513,                 0.7696,                 1.1663,                0.85221,                0.69488,                0.75987,                0.44858,                 1.4274,                   0.83,                 1.2863,             0.00091588,             0.00091588,             0.00091588
                     83,                 1.2399,                0.77326,                 1.1717,                0.89823,                0.72496,                0.79619,                0.47044,                 1.3815,                0.75876,                 1.2707,             0.00091175,             0.00091175,             0.00091175
                     84,                 1.2175,                0.75941,                 1.1612,                0.92093,                 0.6889,                0.79203,                0.47459,                 1.3693,                0.77295,                 1.2876,             0.00090763,             0.00090763,             0.00090763
                     85,                 1.2041,                0.74097,                 1.1354,                0.84747,                0.70606,                0.76928,                0.45563,                 1.4378,                0.77458,                 1.3121,              0.0009035,              0.0009035,              0.0009035
                     86,                 1.2057,                0.75257,                 1.1404,                0.90599,                0.69554,                0.79373,                0.45681,                  1.432,                0.79789,                 1.2926,             0.00089938,             0.00089938,             0.00089938
                     87,                 1.2181,                0.77605,                 1.1699,                  0.934,                0.65479,                0.78825,                0.46196,                 1.4455,                0.79942,                 1.3131,             0.00089525,             0.00089525,             0.00089525
                     88,                 1.2058,                0.75007,                 1.1451,                0.90012,                 0.6738,                0.78767,                0.46091,                 1.4165,                0.81572,                 1.2763,             0.00089112,             0.00089112,             0.00089112
                     89,                 1.1904,                  0.734,                 1.1646,                0.86331,                0.68112,                0.76618,                0.45769,                 1.4111,                0.82559,                 1.2853,               0.000887,               0.000887,               0.000887
                     90,                 1.2141,                0.74354,                 1.1547,                0.83386,                0.71299,                0.78265,                0.46954,                 1.3881,                0.78444,                 1.2764,             0.00088288,             0.00088288,             0.00088288
                     91,                 1.1753,                0.72685,                 1.1435,                0.85767,                0.71338,                0.78442,                0.45585,                 1.4676,                 0.7793,                 1.2862,             0.00087875,             0.00087875,             0.00087875
                     92,                  1.181,                0.72735,                 1.1499,                0.94703,                 0.7145,                0.79227,                0.46732,                  1.428,                0.73993,                 1.3038,             0.00087462,             0.00087462,             0.00087462
                     93,                  1.205,                0.72506,                 1.1491,                0.82818,                0.71629,                0.76243,                0.44865,                 1.4218,                0.77785,                 1.3091,              0.0008705,              0.0008705,              0.0008705
                     94,                 1.2295,                0.76094,                 1.1764,                0.82246,                0.66643,                0.74436,                 0.4429,                 1.4635,                0.84232,                 1.3042,             0.00086637,             0.00086637,             0.00086637
                     95,                 1.2202,                0.73663,                 1.1496,                0.86625,                 0.7059,                0.76773,                0.46054,                 1.4067,                0.79822,                  1.282,             0.00086225,             0.00086225,             0.00086225
                     96,                  1.195,                0.72978,                 1.1318,                0.84047,                0.71083,                0.78159,                0.45764,                  1.408,                0.76659,                 1.2973,             0.00085813,             0.00085813,             0.00085813
                     97,                 1.1506,                 0.7264,                 1.1318,                0.88098,                0.70029,                0.77657,                0.44228,                 1.4676,                0.82024,                 1.2968,               0.000854,               0.000854,               0.000854
                     98,                 1.1874,                0.72534,                 1.1391,                0.87879,                0.69171,                0.78095,                0.47474,                 1.3753,                0.80218,                 1.2679,             0.00084988,             0.00084988,             0.00084988
                     99,                 1.1512,                0.70169,                 1.1275,                0.91962,                0.68406,                 0.7784,                0.46119,                 1.4372,                0.77825,                  1.314,             0.00084575,             0.00084575,             0.00084575
                    100,                 1.1511,                 0.6981,                 1.1151,                0.89194,                 0.6994,                0.78014,                0.46357,                 1.4189,                0.75066,                 1.2674,             0.00084162,             0.00084162,             0.00084162
                    101,                 1.1755,                0.70915,                 1.1266,                0.91334,                0.70116,                0.77477,                0.47315,                 1.4019,                0.75276,                 1.2784,              0.0008375,              0.0008375,              0.0008375
                    102,                 1.1783,                0.69331,                 1.1344,                0.89374,                0.70382,                0.80156,                 0.4705,                 1.4015,                0.76472,                 1.2858,             0.00083337,             0.00083337,             0.00083337
                    103,                 1.1548,                0.71815,                 1.1396,                0.90609,                0.70939,                0.78811,                0.47289,                  1.406,                0.75181,                 1.2556,             0.00082925,             0.00082925,             0.00082925
                    104,                 1.1271,                0.69061,                 1.1057,                0.86645,                0.71517,                0.79778,                0.48544,                 1.4167,                0.76357,                  1.266,             0.00082513,             0.00082513,             0.00082513
                    105,                 1.1594,                0.69418,                  1.114,                0.90416,                0.68432,                0.78218,                0.45144,                 1.4448,                0.81733,                 1.2924,               0.000821,               0.000821,               0.000821
                    106,                 1.1518,                0.70492,                 1.1156,                0.88217,                0.73542,                0.79099,                0.45925,                 1.4123,                0.77461,                 1.2887,             0.00081688,             0.00081688,             0.00081688
                    107,                 1.1315,                0.70263,                 1.1182,                0.86912,                0.73335,                0.78103,                0.46308,                 1.3605,                 0.7949,                 1.2621,             0.00081275,             0.00081275,             0.00081275
                    108,                   1.13,                0.69938,                 1.1235,                0.86747,                0.70165,                0.79821,                0.47468,                 1.4087,                0.76354,                 1.2906,             0.00080863,             0.00080863,             0.00080863
                    109,                 1.0852,                0.67392,                 1.0854,                0.88417,                0.70112,                0.78583,                 0.4737,                 1.3977,                0.77464,                 1.3017,              0.0008045,              0.0008045,              0.0008045
                    110,                 1.1429,                0.68223,                 1.1173,                0.90219,                0.70066,                0.78837,                0.46617,                 1.4296,                0.74867,                 1.3026,             0.00080038,             0.00080038,             0.00080038
                    111,                  1.105,                0.68591,                 1.1144,                0.88611,                0.72496,                0.79677,                0.47334,                 1.4099,                0.76719,                 1.2823,             0.00079625,             0.00079625,             0.00079625
                    112,                 1.1116,                0.67386,                 1.1135,                0.88833,                0.69237,                0.79006,                0.48552,                 1.3777,                0.81197,                   1.28,             0.00079213,             0.00079213,             0.00079213
                    113,                 1.1125,                0.66959,                  1.106,                0.84228,                0.69533,                 0.7626,                0.45615,                 1.3891,                0.77902,                 1.2739,               0.000788,               0.000788,               0.000788
                    114,                 1.1086,                0.67428,                 1.1017,                 0.8821,                 0.7025,                0.77522,                0.46175,                 1.4288,                0.76397,                 1.2967,             0.00078387,             0.00078387,             0.00078387
                    115,                 1.1304,                0.66406,                 1.1104,                0.88909,                0.70291,                0.78979,                0.47641,                 1.3768,                0.73865,                 1.2638,             0.00077975,             0.00077975,             0.00077975
                    116,                 1.1604,                0.69153,                 1.1199,                0.86188,                0.69066,                0.77948,                0.46402,                 1.3831,                0.74341,                 1.2832,             0.00077563,             0.00077563,             0.00077563
                    117,                 1.1095,                0.67063,                 1.0874,                0.84368,                0.72592,                0.78923,                0.48167,                 1.3949,                0.74547,                 1.2878,              0.0007715,              0.0007715,              0.0007715
                    118,                 1.1129,                0.65168,                 1.0902,                0.86391,                0.70907,                0.77498,                0.46026,                 1.4402,                 0.7204,                 1.2896,             0.00076738,             0.00076738,             0.00076738
                    119,                 1.0981,                0.64483,                 1.0817,                0.89441,                0.68465,                 0.7916,                0.47862,                 1.3894,                0.71449,                 1.2678,             0.00076325,             0.00076325,             0.00076325
                    120,                 1.1266,                 0.6757,                  1.103,                0.91951,                0.70271,                0.79131,                0.48423,                 1.3639,                0.73027,                  1.259,             0.00075912,             0.00075912,             0.00075912
                    121,                 1.1022,                0.67013,                 1.1094,                0.84115,                0.72766,                0.79207,                0.49176,                 1.3528,                0.73048,                 1.2587,               0.000755,               0.000755,               0.000755
                    122,                 1.0478,                0.62502,                 1.0713,                0.88061,                0.70317,                0.80132,                0.49105,                 1.3495,                0.72512,                  1.248,             0.00075088,             0.00075088,             0.00075088
                    123,                 1.0507,                0.65611,                 1.0709,                0.88617,                 0.7371,                0.79592,                0.47823,                  1.377,                0.71347,                 1.2778,             0.00074675,             0.00074675,             0.00074675
                    124,                 1.0761,                0.65148,                 1.0927,                0.90761,                0.72605,                0.79016,                0.47735,                 1.3548,                0.75153,                 1.2642,             0.00074263,             0.00074263,             0.00074263
                    125,                 1.1087,                0.66057,                 1.0954,                0.92342,                0.68274,                0.79416,                0.46922,                 1.3752,                0.77329,                  1.285,              0.0007385,              0.0007385,              0.0007385
                    126,                 1.1032,                0.65581,                 1.1058,                0.90681,                0.69556,                0.79285,                0.47635,                 1.3712,                0.78133,                 1.2698,             0.00073437,             0.00073437,             0.00073437
                    127,                 1.0613,                 0.6398,                 1.0769,                0.87741,                0.74229,                0.80965,                0.49337,                 1.3555,                0.70323,                  1.251,             0.00073025,             0.00073025,             0.00073025
                    128,                 1.0605,                0.63406,                  1.072,                0.91164,                 0.7345,                0.81645,                0.48451,                 1.3571,                0.69656,                 1.2448,             0.00072612,             0.00072612,             0.00072612
                    129,                 1.0473,                0.62309,                 1.0655,                0.92795,                0.71261,                0.80625,                0.48531,                 1.3397,                0.70766,                 1.2383,               0.000722,               0.000722,               0.000722
                    130,                 1.0563,                0.63201,                 1.0839,                 0.8841,                0.73318,                0.80157,                0.48432,                 1.3323,                 0.7194,                 1.2639,             0.00071788,             0.00071788,             0.00071788
                    131,                 1.0652,                0.64999,                 1.0809,                0.89441,                0.70984,                0.79584,                0.49489,                 1.3459,                0.74704,                 1.2516,             0.00071375,             0.00071375,             0.00071375
                    132,                 1.0826,                0.63883,                 1.0655,                 0.8689,                0.72909,                0.80472,                0.48561,                 1.3864,                0.72346,                 1.2948,             0.00070962,             0.00070962,             0.00070962
                    133,                 1.0897,                0.64119,                 1.1014,                0.88948,                 0.7156,                  0.797,                 0.4725,                 1.4218,                0.71999,                  1.282,              0.0007055,              0.0007055,              0.0007055
                    134,                 1.0425,                0.60451,                 1.0699,                0.88931,                0.75431,                0.81028,                0.47963,                 1.4304,                0.72311,                 1.3003,             0.00070137,             0.00070137,             0.00070137
                    135,                 1.0608,                0.62691,                 1.0825,                0.85754,                0.72148,                0.79151,                0.47654,                 1.4055,                0.71734,                 1.2867,             0.00069725,             0.00069725,             0.00069725
                    136,                 1.0435,                0.62563,                 1.0622,                0.88689,                 0.7342,                0.81177,                0.48999,                 1.3503,                0.71269,                 1.2632,             0.00069313,             0.00069313,             0.00069313
                    137,                 1.0503,                0.60816,                 1.0716,                0.89574,                0.73429,                0.80658,                0.48433,                 1.3969,                0.70037,                 1.2983,               0.000689,               0.000689,               0.000689
                    138,                  1.025,                0.61606,                 1.0437,                0.90418,                0.69511,                0.79556,                0.48501,                  1.409,                0.70408,                 1.2887,             0.00068488,             0.00068488,             0.00068488
                    139,                 1.0234,                0.59624,                 1.0538,                 0.8897,                0.71301,                 0.7931,                0.48146,                  1.371,                  0.732,                 1.2731,             0.00068075,             0.00068075,             0.00068075
                    140,                 1.0418,                0.61331,                  1.048,                0.88371,                0.69192,                0.79583,                0.48207,                 1.3505,                0.71021,                 1.2502,             0.00067663,             0.00067663,             0.00067663
                    141,                 1.0102,                0.60729,                 1.0572,                0.90063,                0.72581,                0.81048,                0.48718,                 1.3813,                0.72016,                 1.2619,              0.0006725,              0.0006725,              0.0006725
                    142,                 1.0076,                0.60012,                 1.0643,                0.91517,                0.73396,                0.81089,                0.48598,                 1.3788,                0.71024,                 1.2686,             0.00066838,             0.00066838,             0.00066838
                    143,                 1.0222,                0.60887,                  1.067,                0.84364,                0.75975,                0.81946,                0.49418,                 1.3598,                0.70787,                  1.258,             0.00066425,             0.00066425,             0.00066425
                    144,                 1.0077,                0.59704,                 1.0502,                0.91098,                 0.7136,                0.80039,                0.49013,                 1.3638,                0.68775,                 1.2751,             0.00066013,             0.00066013,             0.00066013
                    145,                 1.0328,                0.60379,                 1.0623,                0.88161,                0.72035,                0.80329,                0.47832,                 1.3592,                0.71586,                 1.2571,               0.000656,               0.000656,               0.000656
                    146,                 1.0416,                 0.6353,                 1.0544,                0.89997,                0.74083,                0.82031,                0.49435,                 1.3743,                0.70483,                 1.2715,             0.00065188,             0.00065188,             0.00065188
                    147,                 1.0203,                0.61594,                 1.0457,                0.88343,                0.75929,                0.82316,                0.48897,                 1.3659,                0.68651,                  1.268,             0.00064775,             0.00064775,             0.00064775
                    148,                 1.0278,                0.61356,                 1.0556,                0.89697,                0.74767,                0.81632,                0.48623,                 1.4153,                0.72704,                 1.2708,             0.00064362,             0.00064362,             0.00064362
                    149,                 1.0067,                0.60261,                 1.0398,                0.83125,                0.73122,                 0.7862,                0.47935,                  1.336,                0.74028,                 1.2236,              0.0006395,              0.0006395,              0.0006395
                    150,                 1.0016,                0.60431,                 1.0478,                0.91966,                0.73479,                0.80258,                0.46868,                 1.4173,                0.71845,                 1.2614,             0.00063538,             0.00063538,             0.00063538
                    151,                 1.0081,                0.60119,                 1.0589,                0.89428,                0.72724,                0.80093,                0.48609,                 1.3865,                0.67972,                 1.2637,             0.00063125,             0.00063125,             0.00063125
                    152,                0.98584,                0.59146,                 1.0274,                0.92095,                0.76368,                0.83095,                0.50314,                 1.3499,                0.66251,                  1.238,             0.00062713,             0.00062713,             0.00062713
                    153,                0.99274,                0.58823,                 1.0348,                0.92493,                0.70684,                 0.8051,                0.49193,                 1.3281,                0.66985,                 1.2339,               0.000623,               0.000623,               0.000623
                    154,                 1.0001,                0.58313,                 1.0315,                0.92607,                0.72068,                0.81675,                 0.5078,                 1.3353,                0.65957,                 1.2407,             0.00061887,             0.00061887,             0.00061887
                    155,                0.98823,                  0.589,                 1.0501,                0.88618,                0.73897,                0.81719,                0.49899,                 1.3199,                0.70402,                 1.2345,             0.00061475,             0.00061475,             0.00061475
                    156,                 1.0274,                0.59609,                 1.0602,                0.92125,                 0.7208,                0.81439,                0.49126,                 1.3744,                0.71067,                 1.2686,             0.00061062,             0.00061062,             0.00061062
                    157,                 1.0118,                0.59705,                 1.0519,                0.91183,                0.70274,                0.81066,                0.49556,                 1.3424,                0.70069,                   1.24,              0.0006065,              0.0006065,              0.0006065
                    158,                0.97391,                0.58814,                 1.0398,                0.91077,                0.72299,                0.82018,                0.49903,                 1.3259,                0.68782,                 1.2444,             0.00060238,             0.00060238,             0.00060238
                    159,                0.99645,                 0.5793,                 1.0448,                0.87735,                0.73266,                0.80979,                0.48288,                 1.3354,                0.71108,                 1.2414,             0.00059825,             0.00059825,             0.00059825
                    160,                0.98835,                0.60327,                 1.0475,                0.84871,                0.76886,                 0.8286,                0.49527,                 1.3679,                0.68653,                 1.2386,             0.00059413,             0.00059413,             0.00059413
                    161,                 1.0014,                0.60427,                 1.0515,                0.87548,                0.77961,                0.83115,                 0.4891,                 1.3874,                0.67793,                 1.2615,                0.00059,                0.00059,                0.00059
                    162,                 1.0078,                0.60811,                 1.0348,                0.92138,                 0.7282,                0.82913,                0.50917,                 1.3211,                0.67927,                 1.2401,             0.00058588,             0.00058588,             0.00058588
                    163,                0.97424,                0.58069,                 1.0288,                0.88608,                0.73921,                0.80564,                0.49602,                 1.3401,                0.69411,                 1.2529,             0.00058175,             0.00058175,             0.00058175
                    164,                0.98458,                0.57429,                 1.0335,                0.95316,                0.70131,                0.80205,                0.49976,                 1.3309,                0.73151,                  1.239,             0.00057763,             0.00057763,             0.00057763
                    165,                0.98427,                0.57618,                   1.03,                0.87389,                0.76145,                0.80749,                0.48157,                 1.3487,                0.71084,                 1.2448,              0.0005735,              0.0005735,              0.0005735
                    166,                0.95368,                0.56455,                 1.0203,                0.92466,                0.72696,                0.81879,                0.50121,                 1.3584,                0.67778,                 1.2394,             0.00056938,             0.00056938,             0.00056938
                    167,                0.97599,                0.59645,                 1.0402,                0.85593,                0.74654,                0.81092,                0.47583,                 1.3762,                 0.7186,                 1.2503,             0.00056525,             0.00056525,             0.00056525
                    168,                0.97945,                0.58695,                 1.0458,                0.89167,                0.76655,                0.82761,                0.49249,                 1.3442,                0.74591,                 1.2534,             0.00056112,             0.00056112,             0.00056112
                    169,                0.96036,                0.56821,                 1.0211,                 0.8873,                0.68858,                0.79084,                 0.4804,                 1.3751,                0.78228,                 1.2551,               0.000557,               0.000557,               0.000557
                    170,                0.98524,                0.58265,                 1.0348,                 0.8225,                0.76586,                0.81378,                0.48498,                 1.3936,                0.73205,                 1.2619,             0.00055287,             0.00055287,             0.00055287
                    171,                0.94499,                0.55499,                 1.0237,                 0.8606,                0.75353,                0.81469,                0.49368,                 1.3305,                 0.6808,                 1.2146,             0.00054875,             0.00054875,             0.00054875
                    172,                0.95642,                0.57934,                 1.0222,                0.87962,                0.75532,                 0.8068,                0.49084,                 1.3279,                0.69194,                 1.2265,             0.00054463,             0.00054463,             0.00054463
                    173,                 0.9684,                0.57378,                 1.0282,                0.90295,                0.73876,                0.82301,                0.50128,                 1.3651,                0.68941,                 1.2611,              0.0005405,              0.0005405,              0.0005405
                    174,                0.96147,                0.57235,                 1.0253,                0.88893,                0.74106,                0.81765,                 0.5081,                 1.3048,                0.69244,                  1.229,             0.00053638,             0.00053638,             0.00053638
                    175,                0.95512,                 0.5702,                 1.0269,                  0.902,                0.74064,                0.81744,                 0.5008,                  1.325,                0.69482,                 1.2309,             0.00053225,             0.00053225,             0.00053225
                    176,                0.94747,                 0.5658,                 1.0217,                0.87954,                0.74867,                 0.8175,                0.50376,                 1.3514,                0.71213,                 1.2461,             0.00052812,             0.00052812,             0.00052812
                    177,                0.93124,                0.54987,                 1.0138,                0.92873,                0.74052,                 0.8142,                0.49233,                 1.3671,                0.70934,                 1.2631,               0.000524,               0.000524,               0.000524
                    178,                0.95037,                0.56404,                 1.0267,                0.88277,                0.74404,                0.79823,                0.49481,                 1.3386,                0.71883,                 1.2529,             0.00051988,             0.00051988,             0.00051988
                    179,                0.95476,                0.57166,                 1.0221,                0.88317,                0.71609,                0.80143,                0.48344,                 1.3363,                0.72726,                 1.2347,             0.00051575,             0.00051575,             0.00051575
                    180,                0.97021,                 0.5732,                 1.0284,                0.94018,                0.71827,                0.81779,                0.49668,                  1.338,                0.68413,                 1.2471,             0.00051163,             0.00051163,             0.00051163
                    181,                 0.9397,                0.56068,                 1.0093,                0.89833,                0.74521,                0.80631,                0.48172,                 1.3412,                0.69884,                 1.2477,              0.0005075,              0.0005075,              0.0005075
                    182,                0.94141,                0.54985,                  1.019,                0.90127,                0.76005,                0.82269,                0.49227,                 1.3499,                0.69917,                 1.2326,             0.00050337,             0.00050337,             0.00050337
                    183,                0.94499,                0.55977,                 1.0172,                0.90999,                0.73622,                0.81799,                0.48706,                 1.4113,                0.70308,                 1.2668,             0.00049925,             0.00049925,             0.00049925
                    184,                0.93571,                0.54294,                 1.0069,                0.88468,                0.72208,                0.81906,                0.50273,                 1.3515,                0.70094,                 1.2635,             0.00049513,             0.00049513,             0.00049513
                    185,                0.92984,                0.55204,                 1.0138,                 0.9007,                0.72291,                 0.8155,                0.50771,                 1.3415,                0.69405,                 1.2431,               0.000491,               0.000491,               0.000491
                    186,                0.95638,                0.56253,                 1.0286,                0.87697,                0.74691,                0.80454,                0.50193,                 1.3423,                 0.6839,                 1.2163,             0.00048687,             0.00048687,             0.00048687
                    187,                0.90436,                 0.5368,                 1.0025,                0.91238,                0.73898,                0.81472,                0.48425,                 1.3705,                0.69381,                 1.2469,             0.00048275,             0.00048275,             0.00048275
                    188,                0.94047,                0.54318,                 1.0127,                0.92661,                0.73932,                 0.8227,                0.48967,                 1.3626,                0.68169,                 1.2528,             0.00047863,             0.00047863,             0.00047863
                    189,                0.89899,                 0.5349,                0.99856,                0.87951,                0.75868,                  0.825,                0.50197,                 1.3626,                0.66819,                 1.2542,              0.0004745,              0.0004745,              0.0004745
                    190,                0.92101,                0.55139,                 1.0085,                0.91368,                0.73894,                 0.8341,                0.51519,                 1.3534,                0.68127,                 1.2464,             0.00047038,             0.00047038,             0.00047038
                    191,                0.92039,                0.54498,                 1.0082,                0.92249,                0.74715,                 0.8196,                0.49977,                 1.3594,                0.69758,                 1.2559,             0.00046625,             0.00046625,             0.00046625
                    192,                0.93487,                0.55938,                 1.0119,                0.94372,                0.72341,                 0.8204,                0.49932,                 1.3562,                0.68099,                  1.251,             0.00046212,             0.00046212,             0.00046212
                    193,                0.93068,                0.53959,                  1.003,                0.89715,                0.75238,                0.82197,                0.50703,                 1.3283,                 0.6727,                 1.2463,               0.000458,               0.000458,               0.000458
                    194,                0.92346,                0.55028,                 1.0086,                0.93244,                0.75229,                0.82846,                0.51006,                 1.3222,                0.67349,                 1.2384,             0.00045388,             0.00045388,             0.00045388
                    195,                0.90696,                0.52919,                0.98605,                0.93012,                0.75341,                 0.8484,                0.51372,                 1.3406,                0.65235,                 1.2595,             0.00044975,             0.00044975,             0.00044975
                    196,                0.88628,                 0.5358,                0.99311,                0.93193,                0.72849,                0.83955,                0.50131,                 1.3619,                0.66769,                 1.2677,             0.00044563,             0.00044563,             0.00044563
                    197,                0.90939,                0.53645,                 1.0062,                0.91034,                  0.721,                0.80875,                0.49892,                 1.3376,                0.68879,                  1.248,              0.0004415,              0.0004415,              0.0004415
                    198,                 0.8943,                0.52439,                0.99092,                0.91232,                0.72059,                0.80841,                 0.4941,                 1.3509,                0.67567,                 1.2607,             0.00043738,             0.00043738,             0.00043738
                    199,                0.90978,                0.54943,                 1.0033,                0.94264,                0.72272,                0.82643,                 0.5051,                 1.3572,                0.66579,                 1.2786,             0.00043325,             0.00043325,             0.00043325
                    200,                0.91227,                0.53055,                0.99893,                0.92215,                0.72353,                   0.82,                0.48847,                 1.3423,                0.68947,                 1.2501,             0.00042912,             0.00042912,             0.00042912
                    201,                0.89526,                0.53969,                 1.0041,                 0.9162,                0.72307,                0.82456,                0.49927,                 1.3467,                0.68466,                 1.2415,               0.000425,               0.000425,               0.000425
                    202,                0.91658,                0.53382,                  1.012,                0.90338,                0.74431,                0.82558,                0.50289,                 1.3656,                0.67967,                 1.2592,             0.00042087,             0.00042087,             0.00042087
                    203,                0.90035,                0.53928,                0.99653,                0.90062,                0.72263,                0.82115,                 0.5056,                 1.3314,                0.68227,                 1.2485,             0.00041675,             0.00041675,             0.00041675
                    204,                0.91192,                  0.551,                 1.0091,                0.93582,                0.72926,                0.82842,                0.51249,                  1.332,                0.67625,                 1.2518,             0.00041263,             0.00041263,             0.00041263
                    205,                0.93979,                0.54922,                  1.012,                0.91546,                0.74386,                 0.8269,                0.51116,                 1.3505,                 0.6823,                 1.2638,              0.0004085,              0.0004085,              0.0004085
                    206,                0.87625,                0.52953,                 1.0043,                0.94572,                0.72757,                0.82731,                0.50671,                 1.3432,                0.66832,                 1.2646,             0.00040438,             0.00040438,             0.00040438
                    207,                0.90069,                0.53672,                0.99506,                0.93388,                0.72855,                0.81372,                0.51857,                 1.3414,                0.67497,                 1.2572,             0.00040025,             0.00040025,             0.00040025
                    208,                0.87053,                0.53005,                0.99232,                0.88546,                0.71758,                0.80614,                0.50135,                 1.3349,                0.67327,                  1.263,             0.00039613,             0.00039613,             0.00039613
                    209,                0.86181,                 0.5098,                0.98088,                0.92228,                 0.7456,                0.82292,                0.50589,                 1.3261,                0.65209,                 1.2408,               0.000392,               0.000392,               0.000392
                    210,                0.86562,                0.52076,                 1.0004,                0.93561,                0.72054,                0.82142,                0.50181,                 1.3462,                0.68533,                  1.247,             0.00038788,             0.00038788,             0.00038788
                    211,                  0.891,                0.52066,                0.99266,                0.89389,                0.73917,                0.82046,                0.49895,                 1.3565,                 0.6769,                 1.2705,             0.00038375,             0.00038375,             0.00038375
                    212,                0.86762,                0.51361,                0.97915,                0.93141,                0.74024,                0.81407,                0.50061,                 1.3276,                0.65681,                 1.2482,             0.00037962,             0.00037962,             0.00037962
                    213,                0.86958,                0.51256,                0.97852,                0.94009,                0.71895,                0.81483,                0.50577,                  1.332,                0.69702,                 1.2516,              0.0003755,              0.0003755,              0.0003755
                    214,                0.90387,                0.54049,                 1.0024,                0.91525,                0.73239,                0.81392,                0.50773,                 1.3149,                0.68095,                 1.2441,             0.00037138,             0.00037138,             0.00037138
                    215,                0.87215,                0.51634,                0.99298,                0.92625,                0.73867,                0.81965,                0.51568,                 1.2951,                0.66915,                 1.2294,             0.00036725,             0.00036725,             0.00036725
                    216,                0.86173,                0.50646,                0.99227,                0.95151,                0.73202,                0.83155,                0.52418,                 1.2806,                0.66179,                 1.2281,             0.00036313,             0.00036313,             0.00036313
                    217,                0.88221,                0.52381,                 1.0038,                  0.872,                0.76663,                0.81714,                0.50474,                 1.3004,                0.65701,                 1.2412,               0.000359,               0.000359,               0.000359
                    218,                0.86648,                0.52335,                 0.9932,                0.88986,                0.74941,                0.82014,                0.51412,                 1.2795,                0.66583,                 1.2252,             0.00035487,             0.00035487,             0.00035487
                    219,                0.86502,                0.51669,                0.98609,                0.92906,                 0.7363,                0.81609,                0.51334,                 1.2951,                0.67085,                 1.2339,             0.00035075,             0.00035075,             0.00035075
                    220,                0.87925,                0.51922,                0.98559,                0.86871,                 0.7667,                0.81908,                0.50152,                 1.2882,                 0.6565,                 1.2268,             0.00034663,             0.00034663,             0.00034663
                    221,                0.86743,                0.51979,                0.99033,                0.92865,                0.73164,                0.82004,                 0.5097,                 1.3085,                0.64765,                 1.2488,              0.0003425,              0.0003425,              0.0003425
                    222,                0.83664,                0.49761,                0.97302,                0.92598,                0.74109,                0.83066,                0.52068,                 1.2974,                0.64404,                 1.2214,             0.00033838,             0.00033838,             0.00033838
                    223,                0.84902,                0.50351,                0.96916,                0.92795,                0.73812,                0.82619,                0.51154,                 1.3104,                0.66995,                  1.234,             0.00033425,             0.00033425,             0.00033425
                    224,                0.87927,                0.52322,                0.98574,                0.95088,                0.70695,                0.82009,                0.50574,                 1.3128,                0.65958,                 1.2214,             0.00033013,             0.00033013,             0.00033013
                    225,                0.86822,                0.52465,                0.98136,                0.93211,                0.72877,                0.82069,                0.49397,                 1.3158,                0.66648,                 1.2439,               0.000326,               0.000326,               0.000326
                    226,                0.86141,                0.51765,                0.98008,                0.94013,                0.71497,                0.81534,                0.50228,                 1.3157,                0.68385,                 1.2403,             0.00032188,             0.00032188,             0.00032188
                    227,                0.86628,                0.52354,                0.99161,                0.89863,                0.75385,                0.81348,                0.50232,                 1.3089,                0.69485,                 1.2303,             0.00031775,             0.00031775,             0.00031775
                    228,                0.85636,                0.50276,                0.98239,                0.91753,                0.74163,                0.81507,                0.50946,                 1.2834,                0.66113,                 1.2109,             0.00031362,             0.00031362,             0.00031362
                    229,                0.85458,                0.50076,                0.97465,                0.91919,                0.73732,                0.81287,                0.51375,                 1.2899,                0.66445,                 1.2237,              0.0003095,              0.0003095,              0.0003095
                    230,                0.85212,                0.49655,                0.97029,                0.91731,                0.74072,                0.82105,                0.49963,                 1.2949,                0.65295,                 1.2317,             0.00030538,             0.00030538,             0.00030538
                    231,                0.83049,                0.50128,                0.98176,                0.90742,                0.74502,                0.82572,                0.51225,                 1.2977,                0.65973,                 1.2284,             0.00030125,             0.00030125,             0.00030125
                    232,                0.84806,                0.49591,                0.97741,                0.90604,                 0.7446,                 0.8246,                 0.5058,                 1.3195,                0.66526,                 1.2347,             0.00029713,             0.00029713,             0.00029713
                    233,                0.84384,                0.50308,                0.97296,                0.90374,                 0.7363,                0.81459,                 0.4937,                 1.3265,                0.67506,                 1.2336,               0.000293,               0.000293,               0.000293
                    234,                0.84517,                0.50572,                0.97577,                0.93102,                0.72691,                0.82269,                0.50139,                 1.3136,                0.66696,                 1.2361,             0.00028888,             0.00028888,             0.00028888
                    235,                 0.8357,                 0.4962,                0.97441,                0.94353,                 0.7265,                0.83042,                0.50828,                 1.3294,                 0.6681,                 1.2503,             0.00028475,             0.00028475,             0.00028475
                    236,                0.80218,                0.48565,                0.95531,                0.86624,                0.74688,                 0.8217,                0.51087,                 1.3261,                0.65884,                 1.2372,             0.00028063,             0.00028063,             0.00028063
                    237,                0.83381,                 0.5082,                0.97525,                0.92603,                0.73359,                0.82708,                 0.5018,                 1.3177,                0.65109,                 1.2392,              0.0002765,              0.0002765,              0.0002765
                    238,                0.83657,                0.50151,                0.97696,                0.94718,                 0.7047,                0.82981,                 0.5214,                 1.2938,                0.64848,                  1.229,             0.00027237,             0.00027237,             0.00027237
                    239,                0.84783,                0.50663,                0.99843,                0.93348,                0.72239,                0.82551,                0.51449,                 1.3109,                0.65571,                 1.2391,             0.00026825,             0.00026825,             0.00026825
                    240,                0.84866,                0.50022,                 0.9803,                0.92741,                0.74471,                0.82235,                0.51338,                 1.2919,                0.64415,                 1.2329,             0.00026413,             0.00026413,             0.00026413
                    241,                0.82769,                0.50128,                0.97281,                0.90812,                 0.7619,                0.82741,                0.51727,                 1.2746,                0.64246,                 1.2216,                0.00026,                0.00026,                0.00026
                    242,                0.83925,                0.49561,                0.97555,                0.92184,                 0.7144,                0.81751,                0.50551,                 1.2838,                0.64247,                 1.2156,             0.00025587,             0.00025587,             0.00025587
                    243,                0.81325,                0.48303,                0.96618,                0.93194,                0.71316,                0.82644,                0.50572,                 1.3022,                0.65286,                 1.2245,             0.00025175,             0.00025175,             0.00025175
                    244,                0.79568,                0.47952,                0.94959,                 0.8723,                0.74757,                0.81743,                0.50627,                 1.2935,                0.65891,                 1.2298,             0.00024762,             0.00024762,             0.00024762
                    245,                0.83258,                0.49527,                0.96484,                0.90877,                0.74373,                0.81607,                0.51554,                 1.2855,                0.66698,                 1.2236,              0.0002435,              0.0002435,              0.0002435
                    246,                0.83198,                0.49368,                0.96258,                0.89423,                0.76182,                0.82425,                0.51084,                 1.2982,                0.65854,                 1.2145,             0.00023938,             0.00023938,             0.00023938
                    247,                0.83163,                0.48973,                 0.9693,                0.96314,                0.73477,                0.82995,                0.51424,                 1.2934,                0.65724,                 1.2276,             0.00023525,             0.00023525,             0.00023525
                    248,                0.82595,                0.49015,                0.96327,                0.94551,                0.73938,                0.83194,                0.51711,                   1.29,                0.64611,                 1.2267,             0.00023112,             0.00023112,             0.00023112
                    249,                0.82342,                0.49152,                0.95733,                0.94524,                0.72695,                0.82856,                0.50905,                 1.3077,                0.64422,                 1.2219,               0.000227,               0.000227,               0.000227
                    250,                0.80282,                0.48273,                0.95918,                0.92348,                0.73999,                0.82896,                0.51452,                 1.2893,                0.63504,                 1.2182,             0.00022288,             0.00022288,             0.00022288
                    251,                 0.7999,                0.48535,                0.95915,                0.96042,                0.72246,                0.83075,                0.51716,                 1.3032,                0.64373,                 1.2304,             0.00021875,             0.00021875,             0.00021875
                    252,                0.82654,                 0.5017,                0.96564,                0.89031,                 0.7506,                0.82991,                 0.5129,                 1.3134,                0.64497,                 1.2306,             0.00021462,             0.00021462,             0.00021462
                    253,                0.82684,                0.48986,                 0.9639,                0.91365,                 0.7529,                 0.8262,                 0.5084,                 1.3135,                 0.6566,                 1.2236,              0.0002105,              0.0002105,              0.0002105
                    254,                0.80136,                0.47391,                0.96097,                0.94906,                0.73011,                0.82424,                0.51618,                 1.3095,                0.65839,                 1.2204,             0.00020637,             0.00020637,             0.00020637
                    255,                0.80574,                0.48145,                0.95811,                 0.9524,                0.73107,                0.82583,                0.52115,                  1.298,                0.64826,                 1.2196,             0.00020225,             0.00020225,             0.00020225
                    256,                0.78706,                 0.4717,                0.94718,                0.94091,                0.74364,                0.83253,                0.52728,                 1.2766,                0.63246,                 1.2044,             0.00019813,             0.00019813,             0.00019813
                    257,                0.81529,                0.50034,                  0.974,                0.93026,                0.72857,                0.82787,                0.52204,                 1.2875,                 0.6413,                 1.2165,               0.000194,               0.000194,               0.000194
                    258,                0.79401,                0.47525,                0.95681,                0.88433,                0.73348,                0.82287,                0.51628,                 1.3081,                0.64793,                 1.2348,             0.00018987,             0.00018987,             0.00018987
                    259,                0.81704,                0.49359,                 0.9636,                0.92108,                0.73496,                0.82032,                0.50845,                 1.2905,                0.63843,                 1.2321,             0.00018575,             0.00018575,             0.00018575
                    260,                0.79526,                0.47482,                0.95318,                0.90568,                0.73752,                0.81993,                0.51847,                 1.2882,                0.64063,                 1.2223,             0.00018163,             0.00018163,             0.00018163
                    261,                0.78498,                0.46457,                0.94808,                0.88263,                0.75253,                0.81415,                0.51583,                 1.3012,                0.65315,                  1.223,              0.0001775,              0.0001775,              0.0001775
                    262,                0.79764,                0.47366,                0.95497,                0.92939,                0.73975,                0.82139,                0.51646,                 1.3055,                0.64664,                 1.2372,             0.00017338,             0.00017338,             0.00017338
                    263,                0.79931,                0.48071,                0.96251,                0.93273,                0.74082,                0.82529,                0.51858,                 1.2941,                0.65162,                 1.2242,             0.00016925,             0.00016925,             0.00016925
                    264,                0.77545,                0.47564,                0.95184,                0.92601,                0.73667,                0.82306,                  0.517,                 1.2804,                0.64572,                 1.2238,             0.00016512,             0.00016512,             0.00016512
                    265,                0.81174,                0.48399,                0.97586,                 0.9351,                0.73236,                0.82046,                0.51262,                 1.2968,                0.65512,                 1.2291,               0.000161,               0.000161,               0.000161
                    266,                0.81622,                0.48068,                0.96344,                0.91211,                0.74167,                0.81911,                0.51207,                 1.2877,                0.65426,                 1.2271,             0.00015688,             0.00015688,             0.00015688
                    267,                0.77017,                0.46198,                0.94608,                0.92778,                0.73317,                0.82193,                0.52365,                 1.2813,                0.65162,                 1.2242,             0.00015275,             0.00015275,             0.00015275
                    268,                0.77756,                 0.4731,                0.94688,                 0.9132,                  0.748,                0.82744,                0.51961,                 1.3001,                0.64189,                 1.2395,             0.00014862,             0.00014862,             0.00014862
                    269,                0.80579,                0.47797,                0.94777,                0.93509,                0.73963,                0.83046,                0.52285,                 1.3087,                0.64284,                 1.2513,              0.0001445,              0.0001445,              0.0001445
                    270,                0.79191,                0.47348,                0.94798,                 0.9215,                0.73684,                0.82435,                0.51529,                  1.301,                0.64087,                 1.2287,             0.00014038,             0.00014038,             0.00014038
                    271,                0.80218,                 0.4714,                0.96108,                0.91698,                0.72508,                0.82271,                0.51402,                 1.2933,                 0.6566,                 1.2281,             0.00013625,             0.00013625,             0.00013625
                    272,                0.77821,                0.46664,                0.94682,                0.92551,                0.73891,                0.82409,                0.50832,                 1.2952,                0.65839,                 1.2288,             0.00013212,             0.00013212,             0.00013212
                    273,                0.77196,                0.46331,                0.95251,                0.89839,                0.75707,                0.82429,                0.51912,                 1.2924,                0.64549,                 1.2229,               0.000128,               0.000128,               0.000128
                    274,                0.77475,                0.47186,                0.95433,                0.89008,                 0.7555,                0.82721,                0.52308,                 1.2885,                0.64234,                 1.2251,             0.00012387,             0.00012387,             0.00012387
                    275,                0.79602,                0.47806,                0.95949,                0.94347,                0.72715,                0.82836,                0.51571,                 1.2962,                0.64881,                 1.2326,             0.00011975,             0.00011975,             0.00011975
                    276,                 0.7912,                0.46437,                0.95789,                0.94769,                0.72625,                0.82706,                0.51511,                 1.2895,                0.64301,                 1.2291,             0.00011563,             0.00011563,             0.00011563
                    277,                0.78313,                0.46632,                0.95385,                0.92785,                 0.7365,                0.82591,                0.51609,                 1.2852,                0.64149,                  1.223,              0.0001115,              0.0001115,              0.0001115
                    278,                0.76243,                0.45776,                0.94308,                0.93371,                0.73219,                0.82848,                0.51567,                 1.2908,                0.63617,                 1.2263,             0.00010737,             0.00010737,             0.00010737
                    279,                0.77305,                0.46495,                0.95016,                0.92702,                0.73756,                0.82946,                0.52203,                 1.2915,                0.64829,                 1.2152,             0.00010325,             0.00010325,             0.00010325
                    280,                0.78898,                0.48255,                0.95396,                0.92583,                0.74946,                0.82774,                0.51949,                  1.292,                0.63654,                 1.2184,             9.9125e-05,             9.9125e-05,             9.9125e-05
                    281,                0.78797,                0.46893,                0.95559,                0.92353,                0.74946,                0.82622,                0.51481,                 1.3095,                0.64468,                 1.2322,                9.5e-05,                9.5e-05,                9.5e-05
                    282,                 0.7731,                0.46379,                0.94053,                0.92025,                0.73239,                0.82709,                0.51366,                 1.3066,                0.65449,                 1.2216,             9.0875e-05,             9.0875e-05,             9.0875e-05
                    283,                0.76064,                0.45658,                0.94303,                0.93427,                0.73192,                0.82604,                0.52046,                 1.2859,                0.65198,                 1.2144,              8.675e-05,              8.675e-05,              8.675e-05
                    284,                0.76907,                0.46422,                0.95115,                0.91734,                0.74174,                0.82558,                 0.5149,                 1.3021,                0.65314,                 1.2262,             8.2625e-05,             8.2625e-05,             8.2625e-05
                    285,                0.76943,                0.46417,                0.94572,                0.93346,                0.72031,                0.82385,                0.51481,                 1.2861,                0.64612,                 1.2192,               7.85e-05,               7.85e-05,               7.85e-05
                    286,                0.76168,                0.46385,                0.95044,                0.92274,                0.73632,                0.82068,                 0.5127,                 1.2839,                0.64071,                 1.2181,             7.4375e-05,             7.4375e-05,             7.4375e-05
                    287,                0.75215,                0.45499,                0.93551,                0.89385,                0.73684,                0.81764,                0.51513,                 1.2789,                0.64982,                 1.2165,              7.025e-05,              7.025e-05,              7.025e-05
                    288,                0.77536,                0.46959,                0.94754,                0.91645,                0.73134,                0.82124,                0.51694,                 1.2764,                0.65289,                 1.2123,             6.6125e-05,             6.6125e-05,             6.6125e-05
                    289,                0.76975,                0.45186,                0.94213,                0.91153,                0.74685,                0.82302,                0.51252,                 1.2841,                0.64756,                  1.214,                6.2e-05,                6.2e-05,                6.2e-05
                    290,                0.75998,                0.45748,                0.95147,                0.93906,                0.73293,                 0.8251,                0.51858,                 1.2755,                0.63725,                  1.207,             5.7875e-05,             5.7875e-05,             5.7875e-05
